term,definition,disciplines,url
Active solar,"As an energy source, energy from the sun collected and stored using mechanical pumps or fans to circulate heat-laden fluids or air between solar collectors and a building.",,https://www.eia.gov/tools/glossary/index.php?id=renewable#active_solar
Adverse water conditions,"Reduced stream flow, lack of rain in the drainage basin, or low water supply behind a pondage or reservoir dam resulting in a reduced gross head that limits the production of hydroelectric power or forces restrictions to be placed on multipurpose reservoirs or other water uses.",,https://www.eia.gov/tools/glossary/index.php?id=renewable#adverse_water_cond
Adverse Weather Conditions,"Reduced streamflow, lack of rain in the drainage basin, or low water supply behind a pondage or reservoir dam resulting in a reduced gross head that limits the production of hydroelectric power or forces restrictions to be placed on multipurpose reservoirs or other water uses.",,https://www.eia.gov/tools/glossary/index.php?id=renewable#Adv_weather
Amorphous silicon,"An alloy of silica and hydrogen, with a disordered, noncrystalline internal atomic arrangement, that can be deposited in thin-film layers (a few micrometers in thickness) by a number of deposition methods to produce thin-film photovoltaic cells on glass, metal, or plastic substrates.",,https://www.eia.gov/tools/glossary/index.php?id=renewable#am_silicon
Anaerobic decomposition,"Decomposition in the absence of oxygen, as in an anaerobic lagoon or digester, which produces CO2 and CH4.",,https://www.eia.gov/tools/glossary/index.php?id=renewable#Anaerobic_decomposition
Anaerobic lagoon,A liquid-based organic waste management installation characterized by waste residing in water at a depth of at least 6 feet for periods of 30 to 200 days.,,https://www.eia.gov/tools/glossary/index.php?id=renewable#Anerobic lagoon
Average water conditions,The amount and distribution of precipitation within a drainage basin and the run off conditions present as determined by reviewing the area water supply records over a long period of time.,,https://www.eia.gov/tools/glossary/index.php?id=renewable#ave_water_cond
Azimuth angle,"The orientation angle relative to north that a solar panel tilts toward: 0° is north, 90° is east, 180° is south, and 270° is west.",,https://www.eia.gov/tools/glossary/index.php?id=renewable#azimuth_angle
Biobutanol,"Butanol isomers (specifically, isobutanol, n-butanol, and t-butanol) for fuel use and derived from renewable feedstock such as corn or sorghum.",,https://www.eia.gov/tools/glossary/index.php?id=renewable#biobutanol
Biofuels,"Liquid fuels and blending components produced from biomass feedstocks, used primarily for transportation.",,https://www.eia.gov/tools/glossary/index.php?id=renewable#biofuel
Biogenic,"Produced by biological processes of living organisms. Note: EIA uses the term ""biogenic"" to refer only to organic nonfossil material of biological origin.",,https://www.eia.gov/tools/glossary/index.php?id=renewable#biogenic
Biogenic emissions,Emissions that are naturally occurring and are not significantly affected by human actions or activity.,,https://www.eia.gov/tools/glossary/index.php?id=renewable#Biogenic_emissions
Biomass gas,"A medium Btu gas containing methane and carbon dioxide, resulting from the action of microorganisms on organic materials such as a landfill.",,https://www.eia.gov/tools/glossary/index.php?id=renewable#biomass_gas
Biomass waste,"Organic non-fossil material of biological origin that is a byproduct or a discarded product. Biomass waste includes municipal solid waste from biogenic sources, landfill gas, sludge waste, agricultural crop byproducts, straw, and other biomass solids, liquids, and gases; but excludes wood and wood-derived fuels (including black liquor), biofuels feedstock, biodiesel, and fuel ethanol. Note: EIA biomass waste data also include energy crops grown specifically for energy production, which would not normally constitute waste.",,https://www.eia.gov/tools/glossary/index.php?id=renewable#biomass_waste
Biomass-based diesel fuel,"Biodiesel and other renewable diesel fuel or diesel fuel blending components derived from biomass, but excluding renewable diesel fuel coprocessed with petroleum feedstocks.",,https://www.eia.gov/tools/glossary/index.php?id=renewable#bio_dsl_fuel
Black liquor,"A by product of the paper production process, alkaline spent liquor, that can be used as a source of energy. Alkaline spent liquor is removed from the digesters in the process of chemically pulping wood. After evaporation, the residual ""black"" liquor is burned as a fuel in a recovery furnace that permits the recovery of certain basic chemicals.",,https://www.eia.gov/tools/glossary/index.php?id=renewable#black_liquor
Carbon stocks,"The quantity of carbon stored in biological and physical systems including: trees, products of harvested trees, agricultural crops, plants, wood and paper products and other terrestrial biosphere sinks, soils, oceans, and sedimentary and geological sinks.",,https://www.eia.gov/tools/glossary/index.php?id=renewable#Carbon_stocks
Cells,Refers to the un-encapsulated semi-conductor components of the module that convert the solar energy to electricity.,,https://www.eia.gov/tools/glossary/index.php?id=renewable#cells
Combined hydroelectric plant,A hydroelectric plant that uses both pumped water and natural streamflow for the production of power.,,https://www.eia.gov/tools/glossary/index.php?id=renewable#comb_hydro
Concentrating solar power or solar thermal power system,"A solar energy conversion system characterized by the optical concentration of solar rays through an arrangement of mirrors to generate a high temperature working fluid. Also see Solar trough, Solar power tower, or Solar dish. Concentrating solar power (but not Solar thermal power) may also refer to a system that focuses solar rays on aphotovoltaic cell to increase conversion efficiency.",,https://www.eia.gov/tools/glossary/index.php?id=renewable#con_solar
Concentrator,"A reflective or refractive device that focuses incident insolation onto an area smaller than the reflective or refractive surface, resulting in increased insolation at the point of focus.",,https://www.eia.gov/tools/glossary/index.php?id=renewable#conc
Conventional hydroelectric plant,A plant in which all of the power is produced from natural streamflow as regulated by available storage.,,https://www.eia.gov/tools/glossary/index.php?id=renewable#conv_hydro
Cord of wood,"A cord of wood measures 4 feet by 4feet by 8 feet, or 128 cubic feet.",,https://www.eia.gov/tools/glossary/index.php?id=renewable#cord_wood
Cull wood,"Wood logs, chips, or wood products that are burned.",,https://www.eia.gov/tools/glossary/index.php?id=renewable#cull_wood
Dam,"A physical barrier constructed across a river or waterway to control the flow of or raise the level of water. The purpose of construction may be for flood control, irrigation needs, hydroelectric power production, and/or recreation usage.",,https://www.eia.gov/tools/glossary/index.php?id=renewable#dam
Externalities,"Benefits or costs, generated as a byproduct of an economic activity, that do not accrue to the parties involved in the activity. Environmental externalities are benefits or costs that manifest themselves through changes in the physical or biological environment.",,https://www.eia.gov/tools/glossary/index.php?id=renewable#external
Flow control,"The laws, regulations, and economic incentives or disincentives used by waste managers to direct waste generated in a specific geographic area to a designated landfill, recycling, or waste-to-energy facility.",,https://www.eia.gov/tools/glossary/index.php?id=renewable#flow_contr
Fuel wood,"Wood and wood products, possibly including scrubs and branches, etc, bought or gathered, and used by direct combustion.",,https://www.eia.gov/tools/glossary/index.php?id=renewable#fuel_wood
Geologic sequestration,"A type of engineered sequestration, where captured carbon dioxide is injected for permanent storage into underground geologic reservoirs, such as oil and natural gas fields, saline aquifers, or abandoned coal mines.",,https://www.eia.gov/tools/glossary/index.php?id=renewable#Geologic_sequestration
Green pricing,"In the case of renewable electricity, green pricing represents a market solution to the various problems associated with regulatory valuation of the nonmarket benefits of renewables. Green pricing programs allow electricity customers to express their willingness to pay for renewable energy development through direct payments on their monthly utility bills.",,https://www.eia.gov/tools/glossary/index.php?id=renewable#green_price
Heat pump (geothermal),A heat pump in which the refrigerant exchanges heat (in a heat exchanger) with a fluid circulating through an earth connection medium (ground or ground water). The fluid is contained in a variety of loop (pipe) configurations depending on the temperature of the ground and the ground area available. Loops may be installed horizontally or vertically in the ground or submersed in a body of water.,,https://www.eia.gov/tools/glossary/index.php?id=renewable#heat_pump_geo
Heat pump efficiency,"The efficiency of a heat pump, that is, the electrical energy to operate it, is directly related to temperatures between which it operates. Geothermal heat pumps are more efficient than conventional heat pumps or air conditioners that use the outdoor air since the ground or ground water a few feet below the earth's surface remains relatively constant throughout the year. It is more efficient in the winter to draw heat from the relatively warm ground than from the atmosphere where the air temperature is much colder, and in summer transfer waste heat to the relatively cool ground than to hotter air. Geothermal heat pumps are generally more expensive ($2,000-$5,000) to install than outside air heat pumps. However, depending on the location geothermal heat pumps can reduce energy consumption (operating cost) and correspondingly, emissions by more than 20 percent compared to high-efficiency outside air heat pumps. Geothermal heat pumps also use the waste heat from air-conditioning to provide free hot water heating in the summer.",,https://www.eia.gov/tools/glossary/index.php?id=renewable#heat_pump_eff
"Heating stove burning wood, coal, or coke","Any free-standing box or controlled-draft stove; or a stove installed in a fireplace opening, using the chimney of the fireplace. Stoves are made of cast iron, sheet metal, or plate steel. Free-standing fireplaces that can be detached from their chimneys are considered heating stoves.",,https://www.eia.gov/tools/glossary/index.php?id=renewable#heat_stove
Hot dry rock,"Heat energy residing in impermeable, crystalline rock. Hydraulic fracturing may be used to create permeability to enable circulation of water and removal of the heat.",,https://www.eia.gov/tools/glossary/index.php?id=renewable#hot_rock
Hub height,"In a horizontal-axis wind turbine, the distance from the turbine platform to the rotor shaft.",,https://www.eia.gov/tools/glossary/index.php?id=renewable#hub_height
Hydraulic fracturing,"A process that stimulates or increases production and ultimate recovery from a well by pumping a fluid and a proppant (sand or similar material) at high pressure into a well to create fractures in the reservoir that the proppant holds open. Hydraulic fracturing increases the surface of the formation available for oil and natural gas to flow into the wellbore (the hole drilled into the earth to extract oil and natural gas). Water is the most commonly used fluid, but carbon dioxide and nitrogen are sometimes used. The proppant is usually sand, but resin-coated sand, ceramics, and sintered bauxite are sometimes used. Hydraulic fracturing is common in low-permeability formations.",,https://www.eia.gov/tools/glossary/index.php?id=renewable#hydraul_fract
Hydraulic head,The distance between the respective elevations of the upstream water surface (headwater) above and the downstream surface water (tailwater) below a hydroelectric power plant.,,https://www.eia.gov/tools/glossary/index.php?id=renewable#hydraul_head
Intermittent electric generator or intermittent resource,"An electric generating plant with output controlled by the natural variability of the energy resource rather than dispatched based on system requirements. Intermittent output usually results from the direct, non-stored conversion of naturally occurring energy fluxes such as solar energy, wind energy, or the energy of free-flowing rivers (that is, run-of-river hydroelectricity).",,https://www.eia.gov/tools/glossary/index.php?id=renewable#interm_el_gen
Kaplan turbine,A type of turbine that that has two blades whose pitch is adjustable. The turbine may have gates to control the angle of the fluid flow into the blades.,,https://www.eia.gov/tools/glossary/index.php?id=renewable#kap_turb
Landfill gas,"Gas that is generated by decomposition of organic material at landfill disposal sites. The average composition of landfill gas is approximately 50 percent methane and 50 percent carbon dioxide and water vapor by volume. The methane percentage, however, can vary from 40 to 60 percent, depending on several factors including waste composition (e.g. carbohydrate and cellulose content). The methane in landfill gas may be vented, flared, combusted to generate electricity or useful thermal energy on-site, or injected into a pipeline for combustion off-site.",,https://www.eia.gov/tools/glossary/index.php?id=renewable#land_gas
Low head,Vertical difference of 100 feet or less in the upstream surface water elevation (headwater) and the downstream surface water elevation (tailwater) at a dam.,,https://www.eia.gov/tools/glossary/index.php?id=renewable#low_head
Mass burn facility,"A type of municipal solid waste (MSW) incineration facility in which MSW is burned with only minor presorting to remove oversize, hazardous, or explosive materials.",,https://www.eia.gov/tools/glossary/index.php?id=renewable#mass_burn
Median water condition,The middle precipitation and run-off condition for a distribution of water conditions that have happened over a long period of time. Usually determined by examining the water supply record of the period in question.,,https://www.eia.gov/tools/glossary/index.php?id=renewable#med_water
Minimum streamflow,The lowest rate of flow of water past a given point during a specified period.,,https://www.eia.gov/tools/glossary/index.php?id=renewable#min_stream
Modules,"Photovoltaic cells or an assembly of cells into panels (modules) intended for and shipped for final consumption or to another organization for resale. When exported, incomplete modules and unencapsulated cells are also included. Modules used for space applications are not included.",,https://www.eia.gov/tools/glossary/index.php?id=renewable#modules
Multiple purpose reservoir,"Stored water and its usage governed by advanced water resource conservation practices to achieve more than one water control objective. Some of the objectives include flood control, hydroelectric power development, irrigation, recreation usage, and wilderness protection.",,https://www.eia.gov/tools/glossary/index.php?id=renewable#multi_res
Municipal solid waste (MSW),Garbage collected from municipalities or a similar customer base (including a mix of residential and commercial entities) consisting of biogenic and non-biogenic fractions that would typically be disposed of at a landfill or incinerated. Useful energy may be extracted from MSW either by capturing the heat produced by burning it to produce steam and electricity or by separating and processing the organic materials to produce higher-value fuels.,,https://www.eia.gov/tools/glossary/index.php?id=renewable#mun_solid_waste
Municipal waste,"As defined in the Energy Security Act (P.L. 96-294; 1980) as ""any organic matter, including sewage, sewage sludge, and industrial or commercial waste, and mixtures of such matter and inorganic refuse from any publicly or privately operated municipal waste collection or similar disposal system, or from similar waste flows (other than such flows which constitute agricultural wastes or residues, or wood wastes or residues from wood harvesting activities or production of forest products).""",,https://www.eia.gov/tools/glossary/index.php?id=renewable#mun_waste
Net head,The gross head minus all hydraulic losses except those chargeable to the turbine.,,https://www.eia.gov/tools/glossary/index.php?id=renewable#net_head
Non-biomass waste,"Material of non-biological origin that is a byproduct or a discarded product. ""Non-biomass waste"" includes municipal solid waste from non-biogenic sources, such as plastics, and tire-derived fuels.",,https://www.eia.gov/tools/glossary/index.php?id=renewable#nonbio_waste
Ocean energy systems,"Energy conversion technologies that harness the energy in tides, waves, and thermal gradients in the oceans.",,https://www.eia.gov/tools/glossary/index.php?id=renewable#oes
Ocean thermal energy conversion (OTEC),The process or technologies for producing energy by harnessing the temperature differences (thermal gradients) between ocean surface waters and that of ocean depths. Warm surface water is pumped through an evaporator containing a working fluid in a closed Rankine-cycle system. The vaporized fluid drives a turbine/generator.,,https://www.eia.gov/tools/glossary/index.php?id=renewable#ocean_therm_ec
Offshore,"That geographic area that lies seaward of the coastline. In general, the coastline is the line of ordinary low water along with that portion of the coast that is in direct contact with the open sea or the line marking the seaward limit of inland water. If a state agency uses a different basis for classifying onshore and offshore areas, the state classification should be used (e.g., Cook Inlet in Alaska is classified as offshore; for Louisiana, the coastline is defined as the Chapman Line, as modified by subsequent adjudication).",,https://www.eia.gov/tools/glossary/index.php?id=renewable#offshore
Other agricultural and forestry products,"Biofuel feedstock that is not corn, grain sorghum, agricultural and forestry residues and dedicated energy crops, as used on Form EIA-819, Monthly Report of Biofuels, Fuels from Non-Biogenic Wastes, Fuel Oxygenates, Isooctane, and Isooctene.",,https://www.eia.gov/tools/glossary/index.php?id=renewable#Oth_agri_forest_prod
Other recycled feed and waste,"Biofuel feedstock of recycled feed and waste that is not municipal solid waste or yard and food waste, as used on Form EIA-819, Monthly Report of Biofuels, Fuels from Non-Biogenic Wastes, Fuel Oxygenates, Isooctane, and Isooctene.",,https://www.eia.gov/tools/glossary/index.php?id=renewable#oth_recy_feed_waste
Parabolic dish,"A high-temperature (above 180 degrees Fahrenheit) solar thermal concentrator, generally bowl-shaped, with two-axis tracking.",,https://www.eia.gov/tools/glossary/index.php?id=renewable#para_dish
Parabolic trough,A high-temperature (above 180 degrees Fahrenheit) solar thermal concentrator with the capacity for tracking the sun using one axis of rotation.,,https://www.eia.gov/tools/glossary/index.php?id=renewable#para_trough
Passive solar heating,"A solar heating system that uses no external mechanical power, such as pumps or blowers, to move the collected solar heat.",,https://www.eia.gov/tools/glossary/index.php?id=renewable#pass_sol_heat
Photovoltaic cell (PVC),An electronic device consisting of layers of semiconductor materials fabricated to form a junction (adjacent layers of materials with different electronic characteristics) and electrical contacts and being capable of converting incident light directly into electricity (direct current).,,https://www.eia.gov/tools/glossary/index.php?id=renewable#photo_cell
Photovoltaic module,"An integrated assembly of interconnected photovoltaic cells designed to deliver a selected level of working voltage and current at its output terminals, packaged for protection against environmental degradation, and suited for incorporation in photovoltaic power systems.",,https://www.eia.gov/tools/glossary/index.php?id=renewable#photo_module
Pondage,The amount of water stored behind a hydroelectric dam of relatively small storage capacity; the dam is usually used for daily or weekly control of the flow of the river.,,https://www.eia.gov/tools/glossary/index.php?id=renewable#pondage
Preliminary permit (hydroelectric power),"A single site permit granted by the FERC (Federal Energy Regulatory Commission), which gives the recipient priority over anyone else to apply for a hydroelectric license. The preliminary permit enables the recipient to prepare a license application and conduct various studies for economic feasibility and environmental impacts. The period for a preliminary permit may extend to 3 years.",,https://www.eia.gov/tools/glossary/index.php?id=renewable#pre_permit
Public Utility Regulatory PoliciesAct (PURPA) of 1978,"One part of the National Energy Act, PURPA contains measures designed to encourage the conservation of energy, more efficient use of resources, and equitable rates. Principal among these were suggested retail rate reforms and new incentives for production of electricity by cogenerators and users of renewable resources. The Commission has primary authority for implementing several key PURPA programs.",,https://www.eia.gov/tools/glossary/index.php?id=renewable#purpa_78
Pulp chips,Timber or residues processed into small pieces of wood of more or less uniform dimensions with minimal amounts of bark.,,https://www.eia.gov/tools/glossary/index.php?id=renewable#pulp_chips
Pulp wood,"Roundwood, whole-tree chips, or wood residues.",,https://www.eia.gov/tools/glossary/index.php?id=renewable#pulp_wood
Pulping liquor (black liquor),"The alkaline spent liquor removed from the digesters in the process of chemically pulping wood. After evaporation, the liquor is burned as a fuel in a recovery furnace that permits the recovery of certain basic chemicals.",,https://www.eia.gov/tools/glossary/index.php?id=renewable#pulp_liquor
PVCs that convert sunlight directly into energy,"A method for producing energy by converting sunlight using photovoltaic cells (PVCs) that are solid-state single converter devices. Although currently not in wide usage, commercial customers have a growing interest in usage and, therefore, DOE has a growing interest in the impact of PVCs on energy consumption. Economically, PVCs are competitive with other sources of electricity.",,https://www.eia.gov/tools/glossary/index.php?id=renewable#pvc
Reforestation,Replanting of forests on lands that have recently been harvested or otherwise cleared of trees.,,https://www.eia.gov/tools/glossary/index.php?id=renewable#reforestation
Regulated streamflow,The rate of flow past a given point during a specified period that is controlled by reservoir water release operation.,,https://www.eia.gov/tools/glossary/index.php?id=renewable#reg_stream
Renewable diesel fuel,"Renewable fuel consisting of hydrocarbon molecules, produced through the hydrotreating of animal fats, vegetable oils, and recycled grease feedstocks. It is considered a drop-in replacement to petroleum-based diesel fuel (for example, it can be used in diesel engines without modification). Renewable diesel fuel reported on the EIA-819 is produced at dedicated biorefineries or co-processed at petroleum refineries.",,https://www.eia.gov/tools/glossary/index.php?id=renewable#ren_diesel_fuel
Renewable energy resources,"Energy resources that are naturally replenishing but flow-limited. They are virtually inexhaustible in duration but limited in the amount of energy that is available per unit of time. Renewable energy resources include biomass, hydro, geothermal, solar, wind, ocean thermal, wave action, and tidal action.",,https://www.eia.gov/tools/glossary/index.php?id=renewable#ren_en_res
Renewable Fuel Standard (RFS),The U.S. Environmental Protection Agency implements the Renewable Fuel Standard (RFS) program in consultation with the U.S. Department of Agriculture and the U.S. Department of Energy. The RFS requires transportation fuel sold in the United States to contain a minimum volume of renewable fuels and for these fuels to be blended into transportation fuel in increasing amounts each year.,,https://www.eia.gov/tools/glossary/index.php?id=renewable#ren_fuel_std
Renewable gasoline,"A renewable fuel consisting of hydrocarbon molecules and considered a replacement for petroleum motor gasoline fuel (in other words, it can be used in motor gasoline engines without modification).",,https://www.eia.gov/tools/glossary/index.php?id=renewable#ren_gas
Renewable heating oil,Renewable fuel consisting of hydrocarbon molecules used as a replacement for petroleum-based heating oil. This fuel may also be sold as an intermediate product to be refined further into another petroleum product.,,https://www.eia.gov/tools/glossary/index.php?id=renewable#ren_heat_oil
Renewable jet fuel,Renewable fuel consisting of hydrocarbon molecules typically blended with petroleum-based kerosene jet fuel. Also known as sustainable aviation fuel (SAF).,,https://www.eia.gov/tools/glossary/index.php?id=renewable#ren_jet_fuel
Renewable naphtha,A renewable fuel consisting of hydrocarbon molecules and considered a replacement for naphtha-range petrochemical feedstocks.,,https://www.eia.gov/tools/glossary/index.php?id=renewable#ren_naphtha
Repowering,"For power plants that use combustible fuel, repowering refers to refurbishing a plant by replacing the power-generating technology with a new prime mover and energy source (for example, switching from coal to natural gas). As a result of this replacement, the plant’s efficiency usually improves, its emissions decline, or its generation capacity increases. The repowering process usually uses existing facility infrastructure (for example, roads, buildings, interconnection equipment, and fuel and ash storage and handling). For wind farms, repowering refers to replacing existing wind turbines with new, generally larger and higher capacity turbines or with more efficient components. These replacements result in increased nameplate capacity or convert kinetic wind energy into electricity more efficiently. When a wind farm undergoes a full repowering, the existing turbines are replaced with newer turbines and new towers and foundations are often installed. When a wind farm undergoes a partial repowering, the existing towers and foundations are usually retained, while the turbines and other components are replaced.",,https://www.eia.gov/tools/glossary/index.php?id=renewable#repowering
Reversible turbine,"A hydraulic turbine, normally installed in a pumped-storage plant, which can be used alternatively as a pump or as an engine, turbine, water wheel, or other apparatus that drives an electrical generator.",,https://www.eia.gov/tools/glossary/index.php?id=renewable#rev_turbine
Ribbon silicon,Crystalline silicon that is used in photovoltaic cells. Ribbon silicon is fabricated by a variety of solidification (crystallization) methods that withdraw thin silicon sheets from pools of relatively pure molten silicon.,,https://www.eia.gov/tools/glossary/index.php?id=renewable#rib_silicone
Roundwood,Wood cut specifically for use as a fuel.,,https://www.eia.gov/tools/glossary/index.php?id=renewable#roundwood
Run off,That portion of the precipitation that flows over the land surface and ultimately reaches streams to complete the water cycle. Melting snow is an important source of this water as well as all amounts of surface water that move to streams or rivers through any given area of a drainage basin.,,https://www.eia.gov/tools/glossary/index.php?id=renewable#run_off
Run-of-river hydroelectric plant,A low-head plant using the flow of a stream as it occurs and having little or no reservoir capacity for storage.,,https://www.eia.gov/tools/glossary/index.php?id=renewable#run_hydro
Seasoned wood,"Wood, used for fuel, that has been air dried so that it contains 15 to 20 percent moisture content (wet basis).",,https://www.eia.gov/tools/glossary/index.php?id=renewable#sea_wood
Series connection,A way of joining photovoltaic cells by connecting positive leads to negative leads; such a configuration increases the voltage.,,https://www.eia.gov/tools/glossary/index.php?id=renewable#series_conn
Series resistance,"Parasitic resistance to current flow in a cell due to mechanisms such as resistance from the bulk of the semiconductor material, metallic contacts, and interconnections.",,https://www.eia.gov/tools/glossary/index.php?id=renewable#series_res
Single crystal silicon,An extremely pure form of crystalline silicon produced by dipping a single crystal seed into a pool of molten silicon under high vacuum conditions and slowly withdrawing a solidifying single crystal boule (rod) of silicon. The boule is sawed into thin silicon wafers and fabricated into single-crystal photovoltaic cells.,,https://www.eia.gov/tools/glossary/index.php?id=renewable#sin_cry_sil
Single crystal silicon (Czochralsky),"Silicon cells with a well-ordered crystalline structure consisting of one crystal (usually obtained by means of the Czochralsky growth technique and involving in got slicing), composing a module. Ribbon silicon is excluded.",,https://www.eia.gov/tools/glossary/index.php?id=renewable#sin_cry_sil2
Solar cell,See Photovoltaic cell,,https://www.eia.gov/tools/glossary/index.php?id=renewable#solar_cell
Solar cooling,"The use of solar thermal energy or solar electricity to power a cooling appliance. There are five basic types of solar cooling technologies absorption cooling, which can use solar thermal energy to vaporize the refrigerant; desiccant cooling, which can use solar thermal energy to regenerate (dry) the desiccant; vapor compression cooling, which can use solar thermal energy to operate a Rankine-cycle heat engine; and evaporative coolers (""swamp"" coolers), and heat-pumps and air conditioners that can by powered by solar photovoltaic systems.",,https://www.eia.gov/tools/glossary/index.php?id=renewable#solar_cool
Solar dish,See Parabolic dish,,https://www.eia.gov/tools/glossary/index.php?id=renewable#solar_dish
Solar pond,"A body of water that contains brackish (highly saline) water that forms layers of differing salinity (stratifies) that absorb and trap solar energy. Solar ponds can be used to provide heat for industrial or agricultural processes, building heating and cooling, and to generate electricity.",,https://www.eia.gov/tools/glossary/index.php?id=renewable#solar_pond
Solar power tower,A solar energy conversion system that uses a large field of independently adjustable mirrors(heliostats) to focus solar rays on a near single point atop a fixed tower (receiver). The concentrated energy may be used to directly heat the working fluid of a Rankine cycle engine or to heat an intermediary thermal storage medium (such as a molten salt).,,https://www.eia.gov/tools/glossary/index.php?id=renewable#solar_pow_tow
Solar radiation,"A general term for the visible and near visible (ultraviolet and near-infrared) electromagnetic radiation that is emitted by the sun. It has a spectral, or wavelength, distribution that corresponds to different energy levels; short wavelength radiation has a higher energy than long-wavelength radiation.",,https://www.eia.gov/tools/glossary/index.php?id=renewable#solar_rad
Solar thermal collector,"A device designed to receive solar radiation and convert it to thermal energy. Normally, a solar thermal collector includes a frame, glazing, and an absorber, together with appropriate insulation. The heat collected by the solar collector may be used immediately or stored for later use. Solar collectors are used for space heating; domestic hot water heating; and heating swimming pools, hot tubs, or spas.",,https://www.eia.gov/tools/glossary/index.php?id=renewable#solar_therm_coll
"Solar thermal collector, high temperature",A collector that generally operates at temperatures above 180 degrees Fahrenheit.,,https://www.eia.gov/tools/glossary/index.php?id=renewable#stc_high
"Solar thermal collector, low-temperature","A collector that generally operates at temperatures below 110 degrees Fahrenheit. Typically, it has no glazing or insulation and is made of plastic or rubber, although some are made of metal.",,https://www.eia.gov/tools/glossary/index.php?id=renewable#stc_low
"Solar thermal collector, medium-temperature","A collector that generally operates at temperatures of 140 degrees F to180 degrees Fahrenheit, but can also operate at temperatures as low as 110 degrees Fahrenheit. Typically, it has one or two glazings, a metal frame, a metal absorption panel with integral flow channels or attached tubing (liquid collector) or with integral ducting (air collector) and insulation on the sides and back of the panel.",,https://www.eia.gov/tools/glossary/index.php?id=renewable#stc_med
"Solar thermal collector, special",An evacuated tube collector or a concentrating (focusing) collector. Special collectors operate in the temperature range from just above ambient temperature (low concentration for pool heating) to several hundred degrees Fahrenheit (high concentration for air conditioning and specialized industrial processes).,,https://www.eia.gov/tools/glossary/index.php?id=renewable#stc_sp
Solar thermal panels,"A system that actively concentrates thermal energy from the sun by means of solar collector panels. The panels typically consist of fat, sun-oriented boxes with transparent covers, containing water tubes of air baffles under a blackened heat absorbent panel. The energy is usually used for space heating, for water heating, and for heating swimming pools.",,https://www.eia.gov/tools/glossary/index.php?id=renewable#solar_therm_pan
Solar thermal parabolic dishes,"A solar thermal technology that uses a modular mirror system that approximates a parabola and incorporates two-axis tracking to focus the sunlight onto receivers located at the focal point of each dish. The mirror system typically is made from a number of mirror facets, either glass or polymer mirror, or can consist of a single stretched membrane using a polymer mirror. The concentrated sunlight may be used directly by a Stirling, Rankine, or Brayton cycle heat engine at the focal point of the receiver or to heat a working fluid that is piped to a central engine. The primary applications include remote electrification, water pumping, and grid-connected generation.",,https://www.eia.gov/tools/glossary/index.php?id=renewable#stpd
Solar trough or solar parabolic trough,See Parabolic trough,,https://www.eia.gov/tools/glossary/index.php?id=renewable#solar_trough
Special collector,An evacuated tube collector or a concentrating (focusing) collector. Special collectors operate in the temperature range from just above ambient temperature (low concentration for pool heating) to several hundred degrees Fahrenheit (high concentration for air conditioning and specialized industrial processes).,,https://www.eia.gov/tools/glossary/index.php?id=renewable#sp_coll
Stream-flow,"The rate at which water passes agiven point in a stream, usually expressed in cubic feet per second.",,https://www.eia.gov/tools/glossary/index.php?id=renewable#stream_flow
Temperature coefficient (of a solar photovoltaic cell),"The amount that the voltage, current, and/or power output of a solar cell changes due to a change in the cell temperature.",,https://www.eia.gov/tools/glossary/index.php?id=renewable#temp_coe
Terrestrial sequestration,Biotic sequestration of carbon in above- and below-ground biomass and soils.,,https://www.eia.gov/tools/glossary/index.php?id=renewable#Terrestrial_equestration
Thermophotovoltaic cell,"A device where sunlight concentrated onto a absorber heats it to a high temperature, and the thermal radiation emitted by the absorber is used as the energy source for a photovoltaic cell that is designed to maximize conversion efficiency at the wavelength of the thermal radiation.",,https://www.eia.gov/tools/glossary/index.php?id=renewable#therm_cell
Thermosiphon system,A solar collector system for water heating in which circulation of the collection fluid through the storage loop is provided solely by the temperature and density difference between the hot and cold fluids.,,https://www.eia.gov/tools/glossary/index.php?id=renewable#therm_sys
Tipping fee,"Price charged to deliver municipal solid waste to a landfill, waste-to-energy facility, or recycling facility.",,https://www.eia.gov/tools/glossary/index.php?id=renewable#tip_fee
Trough,High-temperature (180+) concentrator with one axis-tracking.,,https://www.eia.gov/tools/glossary/index.php?id=renewable#trough
Unglazed solar collector,A solar thermal collector that has an absorber that does not have a glazed covering. Solar swimming pool heater systems usually use unglazed collectors because they circulate relatively large volumes of water through the collector and capture nearly 80 percent of the solar energy available.,,https://www.eia.gov/tools/glossary/index.php?id=renewable#unglaz_sol_coll
Vapor-dominated geothermal system,A conceptual model of a hydrothermal system where steam pervades the rock and is the pressure-controlling fluid phase.,,https://www.eia.gov/tools/glossary/index.php?id=renewable#vdgs
Variable-speed wind turbines,"Turbines in which the rotor speed increases and decreases with changing wind speed, producing electricity with a variable frequency.",,https://www.eia.gov/tools/glossary/index.php?id=renewable#vswt
Vertical-axis wind turbine (VAWT),A type of wind turbine in which the axis of rotation is perpendicular to the windstream and the ground.,,https://www.eia.gov/tools/glossary/index.php?id=renewable#vert_ax_windtur
Wafer,A thin sheet of semiconductor (photovoltaic material) made by cutting it from a single crystal or ingot.,,https://www.eia.gov/tools/glossary/index.php?id=renewable#wafer
Waste,See Biomass waste and Non-biomass waste.,,https://www.eia.gov/tools/glossary/index.php?id=renewable#waste
Water pumping,"Photovoltaic modules/cells used for pumping water for agricultural, land reclamation, commercial, and other similar applications where water pumping is the main use.",,https://www.eia.gov/tools/glossary/index.php?id=renewable#water_pump
Water turbine,"A turbine that uses water pressure to rotate its blades; the primary types are the Pelton wheel, for high heads (pressure); the Francis turbine, for low to medium heads; and the Kaplan for a wide range of heads. Primarily used to power an electric generator.",,https://www.eia.gov/tools/glossary/index.php?id=renewable#water_tur
Wind energy conversion system (WECS) or device,"An apparatus for converting the energy available in the wind to mechanical energy that can be used to power machinery (grain mills, water pumps) and to operate an electrical generator.",,https://www.eia.gov/tools/glossary/index.php?id=renewable#wecs
Wind farm,See Wind power plant.,,https://www.eia.gov/tools/glossary/index.php?id=renewable#wind_farm
Wind power plant,"A group of wind turbines interconnected to a common utility system through a system of transformers, distribution lines, and (usually) one substation. Operation, control, and maintenance functions are often centralized through a network of computerized monitoring systems, supplemented by visual inspection. This is a term commonly used in the United States. In Europe, it is called a generating station.",,https://www.eia.gov/tools/glossary/index.php?id=renewable#wind_pwr
Wind turbine,Wind energy conversion device that produces electricity; typically three blades rotating about a horizontal axis and positioned up-wind of the supporting tower.,,https://www.eia.gov/tools/glossary/index.php?id=renewable#wind_tur
Wood energy,"Wood and wood products used as fuel, including round wood (cord wood), limb wood, wood chips, bark, saw dust, forest residues, charcoal, pulp waste, and spent pulping liquor.",,https://www.eia.gov/tools/glossary/index.php?id=renewable#wood_energy
Wood pellets,Saw dust compressed into uniform diameter pellets to be burned in a heating stove.,,https://www.eia.gov/tools/glossary/index.php?id=renewable#wood_pell
Yard and food waste,"Used in the production of biofuels. Yard trimming includes grass, leaves, plants, and other clippings. Food waste may include the edible and inedible components of plant or animal matter that have been discarded.",,https://www.eia.gov/tools/glossary/index.php?id=renewable#yard_food_waste
Zero Energy Building (ZEB),"An energy-efficient building where, on a source energy basis, the actual annual delivered energy is less than or equal to the on-site renewable exported energy.",,https://www.eia.gov/tools/glossary/index.php?id=renewable#zeb
